timestamp,temperature,humidity,soil_value,raw_soil,soil_status,pump_status,vpd,soil_lag_1,soil_lag_2,soil_lag_3,soil_rolling_mean,soil_rate_per_hour,previous_soil_value,moisture_change_rate
2026-06-15 21:14:55.872108,29.1,77,9.1,0.955,DRY,ON,0.927,,,,9.1,0.0,9.1,0.0
2026-06-15 21:24:56.936271,29.1,77,10.8,0.947,DRY,ON,0.927,9.1,,,10.0,10.2,9.1,1.7
2026-06-15 21:34:57.998968,29.4,77,12.5,0.939,DRY,ON,0.943,10.8,9.1,,10.8,10.2,10.8,1.7
2026-06-15 21:44:59.063854,29.0,77,13.5,0.934,DRY,ON,0.921,12.5,10.8,9.1,12.3,6.0,12.5,1.0
2026-06-15 21:55:00.120200,29.7,77,14.3,0.93,DRY,ON,0.959,13.5,12.5,10.8,13.4,4.8,13.5,0.8
2026-06-15 22:05:01.666595,29.7,77,14.7,0.928,DRY,ON,0.959,14.3,13.5,12.5,14.2,2.4,14.3,0.4
2026-06-15 22:15:02.885909,29.9,76,14.5,0.929,DRY,ON,1.013,14.7,14.3,13.5,14.5,-1.2,14.7,-0.2
2026-06-15 22:25:03.953370,29.1,76,14.8,0.927,DRY,ON,0.967,14.5,14.7,14.3,14.7,1.8,14.5,0.3
2026-06-15 22:35:05.031040,29.9,76,15.3,0.925,DRY,ON,1.013,14.8,14.5,14.7,14.9,3.0,14.8,0.5
2026-06-15 22:45:06.284722,29.3,76,15.4,0.925,DRY,ON,0.978,15.3,14.8,14.5,15.2,0.6,15.3,0.1
2026-06-15 22:55:07.394883,29.4,76,15.4,0.924,DRY,ON,0.984,15.4,15.3,14.8,15.4,0.0,15.4,0.0
2026-06-15 23:05:08.476111,29.8,76,15.8,0.922,DRY,ON,1.007,15.4,15.4,15.3,15.5,2.4,15.4,0.4
2026-06-15 23:15:09.559053,29.0,76,16.0,0.922,DRY,ON,0.961,15.8,15.4,15.4,15.7,1.2,15.8,0.2
2026-06-15 23:25:10.637145,29.6,76,16.1,0.921,DRY,ON,0.995,16.0,15.8,15.4,16.0,0.6,16.0,0.1
2026-06-15 23:35:11.695561,29.4,76,16.2,0.92,DRY,ON,0.984,16.1,16.0,15.8,16.1,0.6,16.1,0.1
2026-06-15 23:45:12.793286,29.0,76,16.5,0.919,DRY,ON,0.961,16.2,16.1,16.0,16.3,1.8,16.2,0.3
2026-06-15 23:55:13.877211,29.7,76,16.4,0.919,DRY,ON,1.001,16.5,16.2,16.1,16.4,-0.6,16.5,-0.1
2026-06-16 00:05:15.438926,29.7,76,16.6,0.919,DRY,ON,1.001,16.4,16.5,16.2,16.5,1.2,16.4,0.2
2026-06-16 00:15:16.496136,29.0,76,16.8,0.917,DRY,ON,0.961,16.6,16.4,16.5,16.6,1.2,16.6,0.2
2026-06-16 00:25:17.547676,29.7,76,16.7,0.918,DRY,ON,1.001,16.8,16.6,16.4,16.7,-0.6,16.8,-0.1
2026-06-16 00:35:18.608398,29.1,76,17.0,0.917,DRY,ON,0.967,16.7,16.8,16.6,16.8,1.8,16.7,0.3
2026-06-16 00:45:19.684562,29.1,76,17.1,0.916,DRY,ON,0.967,17.0,16.7,16.8,16.9,0.6,17.0,0.1
2026-06-16 00:55:20.751369,29.3,76,17.0,0.917,DRY,ON,0.978,17.1,17.0,16.7,17.0,-0.6,17.1,-0.1
2026-06-16 01:05:21.808431,29.7,76,17.1,0.916,DRY,ON,1.001,17.0,17.1,17.0,17.1,0.6,17.0,0.1
2026-06-16 01:15:23.112576,29.9,76,17.1,0.916,DRY,ON,1.013,17.1,17.0,17.1,17.1,0.0,17.1,0.0
2026-06-16 01:25:24.164591,29.9,76,17.1,0.916,DRY,ON,1.013,17.1,17.1,17.0,17.1,0.0,17.1,0.0
2026-06-16 01:35:25.224601,29.2,76,17.1,0.916,DRY,ON,0.973,17.1,17.1,17.1,17.1,0.0,17.1,0.0
2026-06-16 01:45:26.288548,29.5,76,17.1,0.916,DRY,ON,0.989,17.1,17.1,17.1,17.1,0.0,17.1,0.0
2026-06-16 01:55:27.342722,29.4,76,17.0,0.917,DRY,ON,0.984,17.1,17.1,17.1,17.1,-0.6,17.1,-0.1
2026-06-16 02:05:28.404591,29.5,76,17.1,0.916,DRY,ON,0.989,17.0,17.1,17.1,17.1,0.6,17.0,0.1
2026-06-16 02:15:29.492793,29.0,76,17.2,0.916,DRY,ON,0.961,17.1,17.0,17.1,17.1,0.6,17.1,0.1
2026-06-16 02:25:30.543392,29.5,75,17.2,0.916,DRY,ON,1.031,17.2,17.1,17.0,17.2,0.0,17.2,0.0
2026-06-16 02:35:31.587826,29.1,76,17.2,0.916,DRY,ON,0.967,17.2,17.2,17.1,17.2,0.0,17.2,0.0
2026-06-16 02:45:32.652446,29.9,75,17.1,0.916,DRY,ON,1.055,17.2,17.2,17.2,17.2,-0.6,17.2,-0.1
2026-06-16 02:55:33.711014,29.4,75,17.2,0.916,DRY,ON,1.025,17.1,17.2,17.2,17.2,0.6,17.1,0.1
2026-06-16 03:05:34.766396,29.3,75,17.1,0.916,DRY,ON,1.019,17.2,17.1,17.2,17.1,-0.6,17.2,-0.1
2026-06-16 03:15:35.833375,29.8,75,17.0,0.916,DRY,ON,1.049,17.1,17.2,17.1,17.1,-0.6,17.1,-0.1
2026-06-16 03:25:36.877094,29.2,75,17.1,0.916,DRY,ON,1.013,17.0,17.1,17.2,17.1,0.6,17.0,0.1
2026-06-16 03:35:37.936290,29.9,75,17.1,0.916,DRY,ON,1.055,17.1,17.0,17.1,17.1,0.0,17.1,0.0
2026-06-16 03:45:39.037683,29.1,76,17.1,0.916,DRY,ON,0.967,17.1,17.1,17.0,17.1,0.0,17.1,0.0
2026-06-16 03:55:40.115733,29.1,76,16.9,0.917,DRY,ON,0.967,17.1,17.1,17.1,17.0,-1.2,17.1,-0.2
2026-06-16 04:05:41.163386,29.1,76,17.0,0.916,DRY,ON,0.967,16.9,17.1,17.1,17.0,0.6,16.9,0.1
2026-06-16 04:15:42.253508,29.1,76,17.0,0.917,DRY,ON,0.967,17.0,16.9,17.1,17.0,0.0,17.0,0.0
2026-06-16 04:25:43.325738,29.9,75,17.1,0.916,DRY,ON,1.055,17.0,17.0,16.9,17.0,0.6,17.0,0.1
2026-06-16 04:35:44.372325,29.4,75,17.1,0.916,DRY,ON,1.025,17.1,17.0,17.0,17.1,0.0,17.1,0.0
2026-06-16 04:45:45.431131,29.7,75,17.2,0.916,DRY,ON,1.043,17.1,17.1,17.0,17.1,0.6,17.1,0.1
2026-06-16 04:55:46.496601,29.1,75,17.0,0.917,DRY,ON,1.007,17.2,17.1,17.1,17.1,-1.2,17.2,-0.2
2026-06-16 05:05:47.535988,29.7,76,17.0,0.917,DRY,ON,1.001,17.0,17.2,17.1,17.1,0.0,17.0,0.0
2026-06-16 05:15:48.607552,29.7,76,16.9,0.917,DRY,ON,1.001,17.0,17.0,17.2,17.0,-0.6,17.0,-0.1
2026-06-16 05:25:49.655322,29.9,76,16.8,0.918,DRY,ON,1.013,16.9,17.0,17.0,16.9,-0.6,16.9,-0.1
2026-06-16 05:35:50.734321,29.2,76,16.9,0.917,DRY,ON,0.973,16.8,16.9,17.0,16.9,0.6,16.8,0.1
2026-06-16 05:45:51.797501,29.6,76,17.0,0.917,DRY,ON,0.995,16.9,16.8,16.9,16.9,0.6,16.9,0.1
2026-06-16 05:55:52.854380,29.1,76,16.9,0.917,DRY,ON,0.967,17.0,16.9,16.8,16.9,-0.6,17.0,-0.1
2026-06-16 06:05:53.906308,29.9,76,16.9,0.917,DRY,ON,1.013,16.9,17.0,16.9,16.9,0.0,16.9,0.0
2026-06-16 06:15:54.991807,29.1,76,16.8,0.918,DRY,ON,0.967,16.9,16.9,17.0,16.9,-0.6,16.9,-0.1
2026-06-16 06:31:23.705337,0.3,0,19.1,0.906,DRY,ON,0.624,16.8,16.9,16.9,17.6,8.9,16.8,2.3
2026-06-16 06:31:55.545573,28.0,76,19.2,0.906,DRY,ON,0.907,19.1,16.8,16.9,18.4,11.3,19.1,0.1
2026-06-16 06:41:56.608701,28.0,77,28.5,0.86,DRY,ON,0.869,19.2,19.1,16.8,22.3,55.7,19.2,9.3
2026-06-16 06:51:57.677147,28.7,77,26.7,0.869,DRY,ON,0.905,28.5,19.2,19.1,24.8,-10.8,28.5,-1.8
2026-06-16 07:01:58.727242,28.0,77,25.5,0.875,DRY,ON,0.869,26.7,28.5,19.2,26.9,-7.2,26.7,-1.2
2026-06-16 07:11:59.781507,29.0,76,24.2,0.881,DRY,ON,0.961,25.5,26.7,28.5,25.5,-7.8,25.5,-1.3
2026-06-16 07:22:00.839498,29.7,77,23.9,0.883,DRY,ON,0.959,24.2,25.5,26.7,24.5,-1.8,24.2,-0.3
2026-06-16 07:32:01.896925,28.4,77,23.3,0.886,DRY,ON,0.89,23.9,24.2,25.5,23.8,-3.6,23.9,-0.6
2026-06-16 07:42:02.991123,28.7,77,23.1,0.887,DRY,ON,0.905,23.3,23.9,24.2,23.4,-1.2,23.3,-0.2
2026-06-16 07:52:04.074216,29.8,76,22.8,0.888,DRY,ON,1.007,23.1,23.3,23.9,23.1,-1.8,23.1,-0.3
2026-06-16 08:02:05.144436,29.7,76,22.7,0.889,DRY,ON,1.001,22.8,23.1,23.3,22.9,-0.6,22.8,-0.1
2026-06-16 08:12:06.202343,29.9,76,22.5,0.89,DRY,ON,1.013,22.7,22.8,23.1,22.7,-1.2,22.7,-0.2
2026-06-16 08:22:07.295681,29.1,76,22.6,0.889,DRY,ON,0.967,22.5,22.7,22.8,22.6,0.6,22.5,0.1
2026-06-16 08:32:08.370627,29.1,76,19.1,0.906,DRY,ON,0.967,22.6,22.5,22.7,21.4,-21.0,22.6,-3.5
2026-06-16 08:42:09.455426,29.8,76,19.1,0.906,DRY,ON,1.007,19.1,22.6,22.5,20.3,0.0,19.1,0.0
2026-06-16 08:52:10.527844,29.7,76,18.9,0.907,DRY,ON,1.001,19.1,19.1,22.6,19.0,-1.2,19.1,-0.2
2026-06-16 09:10:48.328990,29.6,76,57.6,0.718,OPTIMAL,OFF,0.995,18.9,19.1,19.1,31.9,124.6,18.9,38.7
2026-06-16 09:20:49.384858,29.6,76,100.0,0.46,WET,OFF,0.995,57.6,18.9,19.1,58.8,254.0,57.6,42.4
2026-06-16 09:30:50.448737,29.9,77,100.0,0.362,WET,OFF,0.97,100.0,57.6,18.9,85.9,0.0,100.0,0.0
2026-06-16 09:40:51.500525,29.3,77,100.0,0.355,WET,OFF,0.937,100.0,100.0,57.6,100.0,0.0,100.0,0.0
2026-06-16 09:50:52.553001,29.5,77,100.0,0.366,WET,OFF,0.948,100.0,100.0,100.0,100.0,0.0,100.0,0.0
2026-06-16 10:00:53.604517,29.7,77,100.0,0.369,WET,OFF,0.959,100.0,100.0,100.0,100.0,0.0,100.0,0.0
2026-06-16 10:10:54.650924,29.7,77,100.0,0.374,WET,OFF,0.959,100.0,100.0,100.0,100.0,0.0,100.0,0.0
2026-06-16 10:20:55.712212,29.1,77,100.0,0.38,WET,OFF,0.927,100.0,100.0,100.0,100.0,0.0,100.0,0.0
2026-06-16 10:30:56.766894,29.6,77,100.0,0.387,WET,OFF,0.954,100.0,100.0,100.0,100.0,0.0,100.0,0.0
2026-06-16 10:40:57.829891,29.2,77,100.0,0.398,WET,OFF,0.932,100.0,100.0,100.0,100.0,0.0,100.0,0.0
2026-06-16 10:50:58.900331,29.2,77,100.0,0.4,WET,OFF,0.932,100.0,100.0,100.0,100.0,0.0,100.0,0.0
2026-06-16 11:00:59.943115,29.0,76,100.0,0.402,WET,OFF,0.961,100.0,100.0,100.0,100.0,0.0,100.0,0.0
2026-06-16 11:11:01.020850,29.7,76,100.0,0.402,WET,OFF,1.001,100.0,100.0,100.0,100.0,0.0,100.0,0.0
2026-06-16 11:21:02.112050,29.7,76,100.0,0.404,WET,OFF,1.001,100.0,100.0,100.0,100.0,0.0,100.0,0.0
2026-06-16 11:31:03.218313,29.1,76,100.0,0.406,WET,OFF,0.967,100.0,100.0,100.0,100.0,0.0,100.0,0.0
2026-06-16 11:41:04.765774,29.1,76,71.9,0.648,WET,OFF,0.967,100.0,100.0,100.0,90.6,-168.2,100.0,-28.1
2026-06-16 11:51:05.815926,29.1,76,72.9,0.643,WET,OFF,0.967,71.9,100.0,100.0,81.6,6.0,71.9,1.0
2026-06-16 12:01:06.879973,29.3,75,72.9,0.643,WET,OFF,1.019,72.9,71.9,100.0,72.6,0.0,72.9,0.0
2026-06-16 12:11:07.960888,29.5,75,72.5,0.645,WET,OFF,1.031,72.9,72.9,71.9,72.8,-2.4,72.9,-0.4
2026-06-16 12:21:09.043324,29.5,73,72.6,0.644,WET,OFF,1.113,72.5,72.9,72.9,72.7,0.6,72.5,0.1
2026-06-16 12:31:10.129689,29.2,73,72.7,0.644,WET,OFF,1.094,72.6,72.5,72.9,72.6,0.6,72.6,0.1
2026-06-16 12:41:11.189070,29.0,73,72.8,0.643,WET,OFF,1.082,72.7,72.6,72.5,72.7,0.6,72.7,0.1
2026-06-16 12:51:12.263793,29.6,73,72.9,0.643,WET,OFF,1.12,72.8,72.7,72.6,72.8,0.6,72.8,0.1
2026-06-16 13:01:13.339052,29.1,72,73.3,0.641,WET,OFF,1.128,72.9,72.8,72.7,73.0,2.4,72.9,0.4
2026-06-16 13:11:14.415776,29.0,72,73.5,0.64,WET,OFF,1.122,73.3,72.9,72.8,73.2,1.2,73.3,0.2
2026-06-16 13:21:15.473921,30.3,72,73.7,0.639,WET,OFF,1.209,73.5,73.3,72.9,73.5,1.2,73.5,0.2
2026-06-16 13:31:17.044437,30.3,72,73.9,0.638,WET,OFF,1.209,73.7,73.5,73.3,73.7,1.2,73.7,0.2
2026-06-16 13:41:18.159300,30.3,70,74.0,0.638,WET,OFF,1.295,73.9,73.7,73.5,73.9,0.6,73.9,0.1
2026-06-16 13:51:19.227172,30.9,70,74.3,0.636,WET,OFF,1.34,74.0,73.9,73.7,74.1,1.8,74.0,0.3
2026-06-16 14:01:20.294714,30.5,69,74.6,0.634,WET,OFF,1.354,74.3,74.0,73.9,74.3,1.8,74.3,0.3
2026-06-16 14:11:21.393034,30.6,70,75.0,0.633,WET,OFF,1.317,74.6,74.3,74.0,74.6,2.4,74.6,0.4
2026-06-16 14:21:22.481702,30.6,69,75.2,0.631,WET,OFF,1.361,75.0,74.6,74.3,74.9,1.2,75.0,0.2
2026-06-16 14:31:23.544591,30.8,71,75.5,0.63,WET,OFF,1.288,75.2,75.0,74.6,75.2,1.8,75.2,0.3
2026-06-16 14:41:24.615318,30.6,70,75.7,0.629,WET,OFF,1.317,75.5,75.2,75.0,75.5,1.2,75.5,0.2
2026-06-16 14:51:25.683323,30.9,71,75.9,0.628,WET,OFF,1.295,75.7,75.5,75.2,75.7,1.2,75.7,0.2
2026-06-16 15:01:26.752628,30.9,70,76.1,0.627,WET,OFF,1.34,75.9,75.7,75.5,75.9,1.2,75.9,0.2
2026-06-16 15:11:27.832635,30.1,69,76.4,0.626,WET,OFF,1.323,76.1,75.9,75.7,76.1,1.8,76.1,0.3
2026-06-16 15:21:28.890002,30.6,68,76.7,0.624,WET,OFF,1.405,76.4,76.1,75.9,76.4,1.8,76.4,0.3
2026-06-16 15:31:29.947477,30.2,69,77.0,0.623,WET,OFF,1.331,76.7,76.4,76.1,76.7,1.8,76.7,0.3
2026-06-16 15:41:31.007871,30.2,68,77.1,0.622,WET,OFF,1.373,77.0,76.7,76.4,76.9,0.6,77.0,0.1
2026-06-16 15:51:32.136222,30.5,68,77.3,0.621,WET,OFF,1.397,77.1,77.0,76.7,77.1,1.2,77.1,0.2
2026-06-16 16:01:33.196960,30.3,68,77.5,0.62,WET,OFF,1.381,77.3,77.1,77.0,77.3,1.2,77.3,0.2
2026-06-16 16:11:34.266175,30.8,68,77.8,0.619,WET,OFF,1.421,77.5,77.3,77.1,77.5,1.8,77.5,0.3
2026-06-16 16:21:35.387243,30.2,68,77.9,0.618,WET,OFF,1.373,77.8,77.5,77.3,77.7,0.6,77.8,0.1
2026-06-16 16:31:36.450867,30.3,68,78.2,0.617,WET,OFF,1.381,77.9,77.8,77.5,78.0,1.8,77.9,0.3
2026-06-16 16:41:37.515174,30.0,69,78.4,0.616,WET,OFF,1.315,78.2,77.9,77.8,78.2,1.2,78.2,0.2
2026-06-16 16:51:38.600180,30.0,68,78.6,0.615,WET,OFF,1.358,78.4,78.2,77.9,78.4,1.2,78.4,0.2
2026-06-16 17:01:39.658853,30.0,69,78.7,0.614,WET,OFF,1.315,78.6,78.4,78.2,78.6,0.6,78.6,0.1
2026-06-16 17:11:40.724317,30.4,69,78.9,0.613,WET,OFF,1.346,78.7,78.6,78.4,78.7,1.2,78.7,0.2
2026-06-16 17:21:41.772654,31.7,69,79.1,0.613,WET,OFF,1.449,78.9,78.7,78.6,78.9,1.2,78.9,0.2
2026-06-16 17:31:42.842781,31.3,68,79.3,0.611,WET,OFF,1.462,79.1,78.9,78.7,79.1,1.2,79.1,0.2
2026-06-16 17:41:43.949175,31.2,69,79.4,0.611,WET,OFF,1.409,79.3,79.1,78.9,79.3,0.6,79.3,0.1
2026-06-16 17:51:45.240551,30.9,69,79.5,0.61,WET,OFF,1.385,79.4,79.3,79.1,79.4,0.6,79.4,0.1
2026-06-16 18:01:51.418355,31.5,68,79.6,0.61,WET,OFF,1.479,79.5,79.4,79.3,79.5,0.6,79.5,0.1
2026-06-16 18:11:52.552087,31.2,68,79.8,0.609,WET,OFF,1.454,79.6,79.5,79.4,79.6,1.2,79.6,0.2
2026-06-16 18:21:53.656302,31.8,69,79.8,0.609,WET,OFF,1.457,79.8,79.6,79.5,79.7,0.0,79.8,0.0
2026-06-16 18:31:54.735745,31.6,69,80.1,0.608,WET,OFF,1.441,79.8,79.8,79.6,79.9,1.8,79.8,0.3
2026-06-16 18:41:55.865903,31.0,69,80.2,0.607,WET,OFF,1.393,80.1,79.8,79.8,80.0,0.6,80.1,0.1
2026-06-16 18:51:56.944952,31.5,69,80.2,0.607,WET,OFF,1.433,80.2,80.1,79.8,80.2,0.0,80.2,0.0
2026-06-16 19:01:58.001924,31.2,69,80.3,0.607,WET,OFF,1.409,80.2,80.2,80.1,80.2,0.6,80.2,0.1
2026-06-16 19:11:59.557306,31.2,69,80.4,0.606,WET,OFF,1.409,80.3,80.2,80.2,80.3,0.6,80.3,0.1
2026-06-16 19:22:00.623252,31.8,69,80.4,0.606,WET,OFF,1.457,80.4,80.3,80.2,80.4,0.0,80.4,0.0
2026-06-16 19:32:01.703768,31.1,69,80.5,0.606,WET,OFF,1.401,80.4,80.4,80.3,80.4,0.6,80.4,0.1
2026-06-16 19:42:02.776570,31.6,70,80.6,0.605,WET,OFF,1.395,80.5,80.4,80.4,80.5,0.6,80.5,0.1
2026-06-16 19:52:03.844407,31.6,70,80.6,0.605,WET,OFF,1.395,80.6,80.5,80.4,80.6,0.0,80.6,0.0
2026-06-16 20:02:04.969501,30.8,71,80.5,0.606,WET,OFF,1.288,80.6,80.6,80.5,80.6,-0.6,80.6,-0.1
2026-06-16 20:12:06.086312,30.5,72,80.6,0.605,WET,OFF,1.223,80.5,80.6,80.6,80.6,0.6,80.5,0.1
2026-06-16 20:22:07.172595,30.2,73,80.7,0.605,WET,OFF,1.159,80.6,80.5,80.6,80.6,0.6,80.6,0.1
2026-06-16 20:32:08.349209,30.1,71,80.6,0.605,WET,OFF,1.238,80.7,80.6,80.5,80.6,-0.6,80.7,-0.1
2026-06-16 20:42:09.484514,30.4,72,80.6,0.605,WET,OFF,1.216,80.6,80.7,80.6,80.6,0.0,80.6,0.0
2026-06-16 20:52:10.545025,30.2,72,80.6,0.605,WET,OFF,1.202,80.6,80.6,80.7,80.6,0.0,80.6,0.0
2026-06-16 21:02:11.624388,30.7,72,80.5,0.606,WET,OFF,1.237,80.6,80.6,80.6,80.6,-0.6,80.6,-0.1
2026-06-16 21:12:12.705916,30.3,72,80.4,0.606,WET,OFF,1.209,80.5,80.6,80.6,80.5,-0.6,80.5,-0.1
2026-06-16 21:22:13.769628,30.5,72,80.4,0.606,WET,OFF,1.223,80.4,80.5,80.6,80.4,0.0,80.4,0.0
2026-06-16 21:32:14.905886,30.2,72,80.4,0.606,WET,OFF,1.202,80.4,80.4,80.5,80.4,0.0,80.4,0.0
2026-06-16 21:42:15.957862,30.4,73,80.3,0.607,WET,OFF,1.172,80.4,80.4,80.4,80.4,-0.6,80.4,-0.1
2026-06-16 21:52:17.034073,30.6,73,80.1,0.608,WET,OFF,1.186,80.3,80.4,80.4,80.3,-1.2,80.3,-0.2
2026-06-16 22:02:18.097202,30.6,73,80.1,0.607,WET,OFF,1.186,80.1,80.3,80.4,80.2,0.0,80.1,0.0
2026-06-16 22:12:19.149204,30.2,73,80.1,0.607,WET,OFF,1.159,80.1,80.1,80.3,80.1,0.0,80.1,0.0
2026-06-16 22:22:20.225114,30.1,73,80.1,0.607,WET,OFF,1.152,80.1,80.1,80.1,80.1,0.0,80.1,0.0
2026-06-16 22:32:21.300703,30.0,73,80.1,0.607,WET,OFF,1.146,80.1,80.1,80.1,80.1,0.0,80.1,0.0
2026-06-16 22:42:22.358029,30.1,73,80.1,0.608,WET,OFF,1.152,80.1,80.1,80.1,80.1,0.0,80.1,0.0
2026-06-16 22:52:23.453852,30.9,73,80.0,0.608,WET,OFF,1.206,80.1,80.1,80.1,80.1,-0.6,80.1,-0.1
2026-06-16 23:02:24.520587,30.6,73,79.9,0.608,WET,OFF,1.186,80.0,80.1,80.1,80.0,-0.6,80.0,-0.1
2026-06-16 23:12:25.585318,30.4,73,79.8,0.609,WET,OFF,1.172,79.9,80.0,80.1,79.9,-0.6,79.9,-0.1
2026-06-16 23:22:27.186034,30.4,73,79.7,0.609,WET,OFF,1.172,79.8,79.9,80.0,79.8,-0.6,79.8,-0.1
2026-06-16 23:32:28.272456,30.7,74,79.6,0.61,WET,OFF,1.148,79.7,79.8,79.9,79.7,-0.6,79.7,-0.1
2026-06-16 23:42:29.359452,30.8,74,79.5,0.61,WET,OFF,1.155,79.6,79.7,79.8,79.6,-0.6,79.6,-0.1
2026-06-16 23:52:30.404738,30.6,74,79.5,0.611,WET,OFF,1.142,79.5,79.6,79.7,79.5,0.0,79.5,0.0
2026-06-17 00:02:31.462665,30.0,74,79.3,0.611,WET,OFF,1.103,79.5,79.5,79.6,79.4,-1.2,79.5,-0.2
2026-06-17 00:12:32.521459,30.3,74,79.3,0.612,WET,OFF,1.122,79.3,79.5,79.5,79.4,0.0,79.3,0.0
2026-06-17 00:22:33.589996,30.2,73,79.1,0.613,WET,OFF,1.159,79.3,79.3,79.5,79.2,-1.2,79.3,-0.2
2026-06-17 00:32:34.665124,30.1,74,78.8,0.614,WET,OFF,1.11,79.1,79.3,79.3,79.1,-1.8,79.1,-0.3
2026-06-17 00:42:35.737899,30.9,73,78.7,0.614,WET,OFF,1.206,78.8,79.1,79.3,78.9,-0.6,78.8,-0.1
2026-06-17 00:52:36.804129,30.7,73,78.5,0.615,WET,OFF,1.192,78.7,78.8,79.1,78.7,-1.2,78.7,-0.2
2026-06-17 01:02:37.868971,30.7,74,78.4,0.616,WET,OFF,1.148,78.5,78.7,78.8,78.5,-0.6,78.5,-0.1
2026-06-17 01:12:38.936000,30.6,74,78.3,0.617,WET,OFF,1.142,78.4,78.5,78.7,78.4,-0.6,78.4,-0.1
2026-06-17 01:22:39.981423,30.9,74,78.1,0.617,WET,OFF,1.161,78.3,78.4,78.5,78.3,-1.2,78.3,-0.2
2026-06-17 01:32:41.054005,30.6,74,78.0,0.618,WET,OFF,1.142,78.1,78.3,78.4,78.1,-0.6,78.1,-0.1
2026-06-17 01:42:42.113576,30.2,74,77.7,0.619,WET,OFF,1.116,78.0,78.1,78.3,77.9,-1.8,78.0,-0.3
2026-06-17 01:52:43.164062,29.4,74,77.6,0.62,WET,OFF,1.066,77.7,78.0,78.1,77.8,-0.6,77.7,-0.1
2026-06-17 02:02:44.221942,30.8,73,77.4,0.621,WET,OFF,1.199,77.6,77.7,78.0,77.6,-1.2,77.6,-0.2
2026-06-17 02:12:45.309896,30.4,73,77.2,0.622,WET,OFF,1.172,77.4,77.6,77.7,77.4,-1.2,77.4,-0.2
2026-06-17 02:22:46.356606,29.8,74,77.0,0.622,WET,OFF,1.091,77.2,77.4,77.6,77.2,-1.2,77.2,-0.2
2026-06-17 02:32:47.424163,29.3,74,76.8,0.624,WET,OFF,1.06,77.0,77.2,77.4,77.0,-1.2,77.0,-0.2
2026-06-17 02:42:48.496560,30.5,73,76.6,0.625,WET,OFF,1.179,76.8,77.0,77.2,76.8,-1.2,76.8,-0.2
2026-06-17 02:52:49.561855,30.5,72,76.5,0.625,WET,OFF,1.223,76.6,76.8,77.0,76.6,-0.6,76.6,-0.1
2026-06-17 03:02:50.617912,30.8,72,76.4,0.626,WET,OFF,1.244,76.5,76.6,76.8,76.5,-0.6,76.5,-0.1
2026-06-17 03:12:51.677920,30.5,72,76.2,0.626,WET,OFF,1.223,76.4,76.5,76.6,76.4,-1.2,76.4,-0.2
2026-06-17 03:22:52.745193,30.0,72,76.1,0.627,WET,OFF,1.188,76.2,76.4,76.5,76.2,-0.6,76.2,-0.1
2026-06-17 03:32:54.303953,30.0,72,75.9,0.628,WET,OFF,1.188,76.1,76.2,76.4,76.1,-1.2,76.1,-0.2
2026-06-17 03:42:55.369727,30.2,72,75.8,0.629,WET,OFF,1.202,75.9,76.1,76.2,75.9,-0.6,75.9,-0.1
2026-06-17 03:52:56.443316,30.4,72,75.7,0.629,WET,OFF,1.216,75.8,75.9,76.1,75.8,-0.6,75.8,-0.1
2026-06-17 04:02:57.519475,30.8,71,75.6,0.63,WET,OFF,1.288,75.7,75.8,75.9,75.7,-0.6,75.7,-0.1
2026-06-17 04:12:58.573242,30.7,71,75.5,0.63,WET,OFF,1.281,75.6,75.7,75.8,75.6,-0.6,75.6,-0.1
2026-06-17 04:22:59.635516,30.4,71,75.3,0.631,WET,OFF,1.259,75.5,75.6,75.7,75.5,-1.2,75.5,-0.2
2026-06-17 04:33:01.192559,30.4,71,75.1,0.632,WET,OFF,1.259,75.3,75.5,75.6,75.3,-1.2,75.3,-0.2
2026-06-17 04:43:02.249963,30.6,71,75.0,0.632,WET,OFF,1.273,75.1,75.3,75.5,75.1,-0.6,75.1,-0.1
2026-06-17 04:53:03.351224,30.8,72,74.7,0.634,WET,OFF,1.244,75.0,75.1,75.3,74.9,-1.8,75.0,-0.3
2026-06-17 05:03:04.419572,30.0,71,74.6,0.634,WET,OFF,1.23,74.7,75.0,75.1,74.8,-0.6,74.7,-0.1
2026-06-17 05:13:05.484250,30.1,71,74.5,0.635,WET,OFF,1.238,74.6,74.7,75.0,74.6,-0.6,74.6,-0.1
2026-06-17 05:23:06.545479,30.9,71,74.3,0.636,WET,OFF,1.295,74.5,74.6,74.7,74.5,-1.2,74.5,-0.2
2026-06-17 05:33:07.613909,30.0,72,74.3,0.636,WET,OFF,1.188,74.3,74.5,74.6,74.4,0.0,74.3,0.0
2026-06-17 05:43:08.682000,30.1,72,74.1,0.637,WET,OFF,1.195,74.3,74.3,74.5,74.2,-1.2,74.3,-0.2
2026-06-17 05:53:09.745758,30.0,72,74.0,0.638,WET,OFF,1.188,74.1,74.3,74.3,74.1,-0.6,74.1,-0.1
2026-06-17 06:03:10.793339,30.7,72,73.9,0.638,WET,OFF,1.237,74.0,74.1,74.3,74.0,-0.6,74.0,-0.1
2026-06-17 06:13:11.849833,30.4,73,73.8,0.638,WET,OFF,1.172,73.9,74.0,74.1,73.9,-0.6,73.9,-0.1
2026-06-17 06:23:12.937937,30.7,73,73.7,0.639,WET,OFF,1.192,73.8,73.9,74.0,73.8,-0.6,73.8,-0.1
2026-06-17 06:33:14.009293,30.5,73,73.5,0.64,WET,OFF,1.179,73.7,73.8,73.9,73.7,-1.2,73.7,-0.2
2026-06-17 06:43:15.069919,30.8,73,73.4,0.64,WET,OFF,1.199,73.5,73.7,73.8,73.5,-0.6,73.5,-0.1
2026-06-17 06:53:16.129304,29.8,74,73.2,0.641,WET,OFF,1.091,73.4,73.5,73.7,73.4,-1.2,73.4,-0.2
2026-06-17 07:03:17.193751,29.5,74,73.0,0.642,WET,OFF,1.072,73.2,73.4,73.5,73.2,-1.2,73.2,-0.2
2026-06-17 07:13:18.249446,29.7,74,72.8,0.643,WET,OFF,1.084,73.0,73.2,73.4,73.0,-1.2,73.0,-0.2
2026-06-17 07:23:19.297434,29.5,75,72.5,0.645,WET,OFF,1.031,72.8,73.0,73.2,72.8,-1.8,72.8,-0.3
2026-06-17 07:33:20.357870,29.1,75,72.4,0.645,WET,OFF,1.007,72.5,72.8,73.0,72.6,-0.6,72.5,-0.1
2026-06-17 07:43:21.409925,29.4,75,72.2,0.646,WET,OFF,1.025,72.4,72.5,72.8,72.4,-1.2,72.4,-0.2
2026-06-17 07:53:22.470110,29.7,75,72.0,0.647,WET,OFF,1.043,72.2,72.4,72.5,72.2,-1.2,72.2,-0.2
2026-06-17 08:03:23.534090,29.6,75,71.8,0.648,WET,OFF,1.037,72.0,72.2,72.4,72.0,-1.2,72.0,-0.2
2026-06-17 08:13:24.585284,29.4,75,71.6,0.649,WET,OFF,1.025,71.8,72.0,72.2,71.8,-1.2,71.8,-0.2
2026-06-17 08:23:25.637853,29.7,75,71.4,0.65,WET,OFF,1.043,71.6,71.8,72.0,71.6,-1.2,71.6,-0.2
2026-06-17 08:33:26.709996,29.6,75,71.2,0.651,WET,OFF,1.037,71.4,71.6,71.8,71.4,-1.2,71.4,-0.2
2026-06-17 08:43:27.781896,29.5,75,71.2,0.651,WET,OFF,1.031,71.2,71.4,71.6,71.3,0.0,71.2,0.0
2026-06-17 08:53:28.841900,29.2,75,71.0,0.652,WET,OFF,1.013,71.2,71.2,71.4,71.1,-1.2,71.2,-0.2
2026-06-17 09:03:29.893265,29.7,74,70.9,0.653,WET,OFF,1.084,71.0,71.2,71.2,71.0,-0.6,71.0,-0.1
2026-06-17 09:13:30.965857,29.8,74,70.7,0.653,WET,OFF,1.091,70.9,71.0,71.2,70.9,-1.2,70.9,-0.2
2026-06-17 09:23:32.018994,29.4,74,70.5,0.655,WET,OFF,1.066,70.7,70.9,71.0,70.7,-1.2,70.7,-0.2
2026-06-17 09:33:33.089687,29.5,73,70.3,0.655,WET,OFF,1.113,70.5,70.7,70.9,70.5,-1.2,70.5,-0.2
2026-06-17 09:43:34.166158,29.4,73,70.1,0.656,WET,OFF,1.107,70.3,70.5,70.7,70.3,-1.2,70.3,-0.2
2026-06-17 09:53:35.251914,29.6,73,70.0,0.657,OPTIMAL,OFF,1.12,70.1,70.3,70.5,70.1,-0.6,70.1,-0.1
2026-06-17 10:03:36.294428,29.8,73,69.8,0.658,OPTIMAL,OFF,1.133,70.0,70.1,70.3,70.0,-1.2,70.0,-0.2
2026-06-17 10:13:37.362262,29.2,73,69.6,0.659,OPTIMAL,OFF,1.094,69.8,70.0,70.1,69.8,-1.2,69.8,-0.2
2026-06-17 10:23:38.431015,29.0,73,69.5,0.66,OPTIMAL,OFF,1.082,69.6,69.8,70.0,69.6,-0.6,69.6,-0.1
2026-06-17 10:33:39.486074,29.8,74,69.3,0.66,OPTIMAL,OFF,1.091,69.5,69.6,69.8,69.5,-1.2,69.5,-0.2
2026-06-17 10:43:40.567921,29.6,74,69.2,0.661,OPTIMAL,OFF,1.078,69.3,69.5,69.6,69.3,-0.6,69.3,-0.1
2026-06-17 10:53:41.622184,29.9,74,69.1,0.661,OPTIMAL,OFF,1.097,69.2,69.3,69.5,69.2,-0.6,69.2,-0.1
2026-06-17 11:03:42.676362,29.0,74,69.0,0.662,OPTIMAL,OFF,1.041,69.1,69.2,69.3,69.1,-0.6,69.1,-0.1
2026-06-17 11:13:43.731973,29.1,74,68.8,0.663,OPTIMAL,OFF,1.048,69.0,69.1,69.2,69.0,-1.2,69.0,-0.2
2026-06-17 11:23:44.778905,29.3,74,68.7,0.663,OPTIMAL,OFF,1.06,68.8,69.0,69.1,68.8,-0.6,68.8,-0.1
2026-06-17 11:33:45.828643,29.2,74,68.5,0.664,OPTIMAL,OFF,1.054,68.7,68.8,69.0,68.7,-1.2,68.7,-0.2
2026-06-17 11:43:46.906334,29.3,74,68.4,0.665,OPTIMAL,OFF,1.06,68.5,68.7,68.8,68.5,-0.6,68.5,-0.1
2026-06-17 11:53:47.967103,29.6,74,68.2,0.666,OPTIMAL,OFF,1.078,68.4,68.5,68.7,68.4,-1.2,68.4,-0.2
2026-06-17 12:03:49.011261,29.3,74,68.1,0.666,OPTIMAL,OFF,1.06,68.2,68.4,68.5,68.2,-0.6,68.2,-0.1
2026-06-17 12:13:50.071959,29.3,74,68.0,0.667,OPTIMAL,OFF,1.06,68.1,68.2,68.4,68.1,-0.6,68.1,-0.1
2026-06-17 12:23:51.124980,29.6,74,67.8,0.668,OPTIMAL,OFF,1.078,68.0,68.1,68.2,68.0,-1.2,68.0,-0.2
2026-06-17 12:33:52.188769,29.4,74,67.7,0.668,OPTIMAL,OFF,1.066,67.8,68.0,68.1,67.8,-0.6,67.8,-0.1
2026-06-17 12:43:53.251343,29.1,74,67.5,0.669,OPTIMAL,OFF,1.048,67.7,67.8,68.0,67.7,-1.2,67.7,-0.2
2026-06-17 12:53:54.318192,29.8,74,67.4,0.67,OPTIMAL,OFF,1.091,67.5,67.7,67.8,67.5,-0.6,67.5,-0.1
2026-06-17 13:03:55.404789,29.2,74,67.3,0.67,OPTIMAL,OFF,1.054,67.4,67.5,67.7,67.4,-0.6,67.4,-0.1
2026-06-17 13:13:56.470527,29.4,74,67.3,0.67,OPTIMAL,OFF,1.066,67.3,67.4,67.5,67.3,0.0,67.3,0.0
2026-06-17 13:23:57.526420,29.9,74,67.2,0.671,OPTIMAL,OFF,1.097,67.3,67.3,67.4,67.3,-0.6,67.3,-0.1
2026-06-17 13:33:58.598348,29.7,75,67.2,0.671,OPTIMAL,OFF,1.043,67.2,67.3,67.3,67.2,0.0,67.2,0.0
2026-06-17 13:44:00.192187,29.7,75,67.0,0.672,OPTIMAL,OFF,1.043,67.2,67.2,67.3,67.1,-1.2,67.2,-0.2
2026-06-17 13:54:01.252549,29.8,74,66.8,0.673,OPTIMAL,OFF,1.091,67.0,67.2,67.2,67.0,-1.2,67.0,-0.2
2026-06-17 14:04:02.381752,29.9,74,66.7,0.673,OPTIMAL,OFF,1.097,66.8,67.0,67.2,66.8,-0.6,66.8,-0.1
2026-06-17 14:14:03.487695,29.2,73,66.5,0.674,OPTIMAL,OFF,1.094,66.7,66.8,67.0,66.7,-1.2,66.7,-0.2
2026-06-17 14:24:04.561884,30.7,72,66.4,0.675,OPTIMAL,OFF,1.237,66.5,66.7,66.8,66.5,-0.6,66.5,-0.1
2026-06-17 14:34:05.645686,30.4,72,66.2,0.676,OPTIMAL,OFF,1.216,66.4,66.5,66.7,66.4,-1.2,66.4,-0.2
2026-06-17 14:44:06.748203,30.2,72,66.1,0.676,OPTIMAL,OFF,1.202,66.2,66.4,66.5,66.2,-0.6,66.2,-0.1
2026-06-17 14:54:07.831784,30.4,72,65.9,0.677,OPTIMAL,OFF,1.216,66.1,66.2,66.4,66.1,-1.2,66.1,-0.2
2026-06-17 15:04:08.907608,30.3,71,65.8,0.678,OPTIMAL,OFF,1.252,65.9,66.1,66.2,65.9,-0.6,65.9,-0.1
2026-06-17 15:14:10.049725,30.9,72,65.6,0.679,OPTIMAL,OFF,1.251,65.8,65.9,66.1,65.8,-1.2,65.8,-0.2
2026-06-17 15:24:11.120113,30.6,71,65.5,0.679,OPTIMAL,OFF,1.273,65.6,65.8,65.9,65.6,-0.6,65.6,-0.1
2026-06-17 15:34:12.197616,30.7,71,65.3,0.68,OPTIMAL,OFF,1.281,65.5,65.6,65.8,65.5,-1.2,65.5,-0.2
2026-06-17 15:44:13.299989,30.6,71,65.3,0.68,OPTIMAL,OFF,1.273,65.3,65.5,65.6,65.4,0.0,65.3,0.0
2026-06-17 15:54:14.375125,30.0,70,65.1,0.681,OPTIMAL,OFF,1.273,65.3,65.3,65.5,65.2,-1.2,65.3,-0.2
2026-06-17 16:04:15.471821,30.2,69,65.0,0.681,OPTIMAL,OFF,1.331,65.1,65.3,65.3,65.1,-0.6,65.1,-0.1
2026-06-17 16:14:16.653939,30.0,70,64.9,0.682,OPTIMAL,OFF,1.273,65.0,65.1,65.3,65.0,-0.6,65.0,-0.1
2026-06-17 16:24:17.725809,30.2,68,64.7,0.683,OPTIMAL,OFF,1.373,64.9,65.0,65.1,64.9,-1.2,64.9,-0.2
2026-06-17 16:34:18.775925,30.2,69,64.6,0.684,OPTIMAL,OFF,1.331,64.7,64.9,65.0,64.7,-0.6,64.7,-0.1
2026-06-17 16:44:19.856200,30.6,68,64.4,0.685,OPTIMAL,OFF,1.405,64.6,64.7,64.9,64.6,-1.2,64.6,-0.2
2026-06-17 16:54:20.927554,30.9,68,64.2,0.685,OPTIMAL,OFF,1.429,64.4,64.6,64.7,64.4,-1.2,64.4,-0.2
2026-06-17 17:04:21.997223,30.5,68,64.1,0.686,OPTIMAL,OFF,1.397,64.2,64.4,64.6,64.2,-0.6,64.2,-0.1
2026-06-17 17:14:23.086402,30.8,68,64.0,0.686,OPTIMAL,OFF,1.421,64.1,64.2,64.4,64.1,-0.6,64.1,-0.1
2026-06-17 17:24:24.147698,30.3,68,64.0,0.687,OPTIMAL,OFF,1.381,64.0,64.1,64.2,64.0,0.0,64.0,0.0
2026-06-17 17:34:25.203956,31.8,68,63.8,0.687,OPTIMAL,OFF,1.504,64.0,64.0,64.1,63.9,-1.2,64.0,-0.2
2026-06-17 17:44:26.272256,30.5,68,63.7,0.688,OPTIMAL,OFF,1.397,63.8,64.0,64.0,63.8,-0.6,63.8,-0.1
2026-06-17 17:54:27.354419,30.8,69,63.7,0.688,OPTIMAL,OFF,1.377,63.7,63.8,64.0,63.7,0.0,63.7,0.0
2026-06-17 18:04:28.415640,30.9,69,63.7,0.688,OPTIMAL,OFF,1.385,63.7,63.7,63.8,63.7,0.0,63.7,0.0
2026-06-17 18:14:29.496950,30.3,70,63.7,0.688,OPTIMAL,OFF,1.295,63.7,63.7,63.7,63.7,0.0,63.7,0.0
2026-06-17 18:24:30.554732,31.0,70,63.6,0.688,OPTIMAL,OFF,1.348,63.7,63.7,63.7,63.7,-0.6,63.7,-0.1
2026-06-17 18:34:31.603350,30.7,71,63.5,0.689,OPTIMAL,OFF,1.281,63.6,63.7,63.7,63.6,-0.6,63.6,-0.1
2026-06-17 18:44:32.668392,30.1,71,63.4,0.689,OPTIMAL,OFF,1.238,63.5,63.6,63.7,63.5,-0.6,63.5,-0.1
2026-06-17 18:54:33.729334,30.6,71,63.3,0.69,OPTIMAL,OFF,1.273,63.4,63.5,63.6,63.4,-0.6,63.4,-0.1
2026-06-17 19:04:34.806880,30.1,71,63.2,0.69,OPTIMAL,OFF,1.238,63.3,63.4,63.5,63.3,-0.6,63.3,-0.1
2026-06-17 19:14:35.863764,30.3,72,63.1,0.691,OPTIMAL,OFF,1.209,63.2,63.3,63.4,63.2,-0.6,63.2,-0.1
2026-06-17 19:24:36.936554,30.1,72,62.6,0.693,OPTIMAL,OFF,1.195,63.1,63.2,63.3,63.0,-3.0,63.1,-0.5
2026-06-17 19:34:38.005160,30.9,71,62.5,0.694,OPTIMAL,OFF,1.295,62.6,63.1,63.2,62.7,-0.6,62.6,-0.1
2026-06-17 19:44:39.097409,30.2,71,62.3,0.695,OPTIMAL,OFF,1.245,62.5,62.6,63.1,62.5,-1.2,62.5,-0.2
2026-06-17 19:54:40.165969,30.9,71,62.1,0.696,OPTIMAL,OFF,1.295,62.3,62.5,62.6,62.3,-1.2,62.3,-0.2
2026-06-17 20:04:41.233013,30.8,71,62.0,0.696,OPTIMAL,OFF,1.288,62.1,62.3,62.5,62.1,-0.6,62.1,-0.1
2026-06-17 20:14:42.553352,30.6,71,61.8,0.697,OPTIMAL,OFF,1.273,62.0,62.1,62.3,62.0,-1.2,62.0,-0.2
2026-06-17 20:24:43.604215,30.5,71,61.7,0.698,OPTIMAL,OFF,1.266,61.8,62.0,62.1,61.8,-0.6,61.8,-0.1
2026-06-17 20:34:44.649944,30.2,72,61.5,0.699,OPTIMAL,OFF,1.202,61.7,61.8,62.0,61.7,-1.2,61.7,-0.2
2026-06-17 20:44:45.749902,30.6,71,57.1,0.72,OPTIMAL,OFF,1.273,61.5,61.7,61.8,60.1,-26.4,61.5,-4.4
2026-06-17 20:54:46.837147,30.5,72,59.2,0.71,OPTIMAL,OFF,1.223,57.1,61.5,61.7,59.3,12.6,57.1,2.1
2026-06-17 21:04:47.889966,30.6,72,59.9,0.707,OPTIMAL,OFF,1.23,59.2,57.1,61.5,58.7,4.2,59.2,0.7
2026-06-17 21:14:48.973877,30.6,72,59.8,0.707,OPTIMAL,OFF,1.23,59.9,59.2,57.1,59.6,-0.6,59.9,-0.1
2026-06-17 21:24:50.060648,30.5,72,60.8,0.702,OPTIMAL,OFF,1.223,59.8,59.9,59.2,60.2,6.0,59.8,1.0
2026-06-17 21:34:51.121897,30.8,73,60.6,0.703,OPTIMAL,OFF,1.199,60.8,59.8,59.9,60.4,-1.2,60.8,-0.2
2026-06-17 21:44:52.189927,30.1,73,60.5,0.704,OPTIMAL,OFF,1.152,60.6,60.8,59.8,60.6,-0.6,60.6,-0.1
2026-06-17 21:54:53.252093,30.5,73,60.4,0.704,OPTIMAL,OFF,1.179,60.5,60.6,60.8,60.5,-0.6,60.5,-0.1
2026-06-17 22:04:54.304181,30.7,72,60.2,0.705,OPTIMAL,OFF,1.237,60.4,60.5,60.6,60.4,-1.2,60.4,-0.2
2026-06-17 22:14:55.364211,30.0,72,57.4,0.719,OPTIMAL,OFF,1.188,60.2,60.4,60.5,59.3,-16.8,60.2,-2.8
2026-06-17 22:24:56.429843,30.4,72,56.9,0.721,OPTIMAL,OFF,1.216,57.4,60.2,60.4,58.2,-3.0,57.4,-0.5
2026-06-17 22:34:57.512726,30.9,72,56.7,0.722,OPTIMAL,OFF,1.251,56.9,57.4,60.2,57.0,-1.2,56.9,-0.2
2026-06-17 22:44:58.598232,30.2,71,56.7,0.722,OPTIMAL,OFF,1.245,56.7,56.9,57.4,56.8,0.0,56.7,0.0
2026-06-17 22:54:59.673900,30.8,71,56.7,0.722,OPTIMAL,OFF,1.288,56.7,56.7,56.9,56.7,0.0,56.7,0.0
2026-06-17 23:05:00.716919,30.8,71,58.9,0.712,OPTIMAL,OFF,1.288,56.7,56.7,56.7,57.4,13.2,56.7,2.2
2026-06-17 23:15:01.785341,30.4,71,58.7,0.713,OPTIMAL,OFF,1.259,58.9,56.7,56.7,58.1,-1.2,58.9,-0.2
2026-06-17 23:25:02.997905,30.8,71,58.5,0.713,OPTIMAL,OFF,1.288,58.7,58.9,56.7,58.7,-1.2,58.7,-0.2
2026-06-17 23:35:04.081528,30.3,71,58.3,0.714,OPTIMAL,OFF,1.252,58.5,58.7,58.9,58.5,-1.2,58.5,-0.2
2026-06-17 23:45:05.165878,30.5,72,58.2,0.715,OPTIMAL,OFF,1.223,58.3,58.5,58.7,58.3,-0.6,58.3,-0.1
2026-06-17 23:55:06.244507,30.6,72,58.1,0.715,OPTIMAL,OFF,1.23,58.2,58.3,58.5,58.2,-0.6,58.2,-0.1
2026-06-18 00:05:07.297876,30.5,72,58.6,0.713,OPTIMAL,OFF,1.223,58.1,58.2,58.3,58.3,3.0,58.1,0.5
2026-06-18 00:15:08.381921,30.5,72,58.5,0.713,OPTIMAL,OFF,1.223,58.6,58.1,58.2,58.4,-0.6,58.6,-0.1
2026-06-18 00:25:09.680382,30.6,72,58.3,0.714,OPTIMAL,OFF,1.23,58.5,58.6,58.1,58.5,-1.2,58.5,-0.2
2026-06-18 00:35:10.748739,30.9,72,58.2,0.715,OPTIMAL,OFF,1.251,58.3,58.5,58.6,58.3,-0.6,58.3,-0.1
2026-06-18 00:45:11.813876,30.6,72,58.1,0.715,OPTIMAL,OFF,1.23,58.2,58.3,58.5,58.2,-0.6,58.2,-0.1
2026-06-18 00:55:12.909086,30.4,72,58.0,0.716,OPTIMAL,OFF,1.216,58.1,58.2,58.3,58.1,-0.6,58.1,-0.1
2026-06-18 01:05:13.985957,30.9,72,57.8,0.717,OPTIMAL,OFF,1.251,58.0,58.1,58.2,58.0,-1.2,58.0,-0.2
2026-06-18 01:15:15.079760,30.4,72,57.6,0.718,OPTIMAL,OFF,1.216,57.8,58.0,58.1,57.8,-1.2,57.8,-0.2
2026-06-18 01:25:16.150131,30.9,72,57.5,0.718,OPTIMAL,OFF,1.251,57.6,57.8,58.0,57.6,-0.6,57.6,-0.1
2026-06-18 01:35:17.208902,30.3,72,57.3,0.719,OPTIMAL,OFF,1.209,57.5,57.6,57.8,57.5,-1.2,57.5,-0.2
2026-06-18 01:45:18.299265,30.5,72,57.3,0.719,OPTIMAL,OFF,1.223,57.3,57.5,57.6,57.4,0.0,57.3,0.0
2026-06-18 01:55:19.372361,30.9,72,57.0,0.721,OPTIMAL,OFF,1.251,57.3,57.3,57.5,57.2,-1.8,57.3,-0.3
2026-06-18 02:05:20.461259,30.6,72,57.0,0.72,OPTIMAL,OFF,1.23,57.0,57.3,57.3,57.1,0.0,57.0,0.0
2026-06-18 02:15:21.537661,30.4,73,56.9,0.721,OPTIMAL,OFF,1.172,57.0,57.0,57.3,57.0,-0.6,57.0,-0.1
2026-06-18 02:25:22.608437,30.8,73,56.8,0.722,OPTIMAL,OFF,1.199,56.9,57.0,57.0,56.9,-0.6,56.9,-0.1
2026-06-18 02:35:23.679067,30.6,73,56.6,0.723,OPTIMAL,OFF,1.186,56.8,56.9,57.0,56.8,-1.2,56.8,-0.2
2026-06-18 02:45:24.728854,30.2,73,56.4,0.724,OPTIMAL,OFF,1.159,56.6,56.8,56.9,56.6,-1.2,56.6,-0.2
2026-06-18 02:55:25.797794,30.3,73,56.3,0.724,OPTIMAL,OFF,1.165,56.4,56.6,56.8,56.4,-0.6,56.4,-0.1
2026-06-18 03:05:26.853905,30.5,73,56.2,0.725,OPTIMAL,OFF,1.179,56.3,56.4,56.6,56.3,-0.6,56.3,-0.1
2026-06-18 03:15:27.917141,30.8,73,56.1,0.725,OPTIMAL,OFF,1.199,56.2,56.3,56.4,56.2,-0.6,56.2,-0.1
2026-06-18 03:25:28.973655,30.5,73,55.9,0.726,OPTIMAL,OFF,1.179,56.1,56.2,56.3,56.1,-1.2,56.1,-0.2
2026-06-18 03:35:30.050733,30.3,73,55.8,0.727,OPTIMAL,OFF,1.165,55.9,56.1,56.2,55.9,-0.6,55.9,-0.1
2026-06-18 03:45:31.122491,30.2,73,55.6,0.728,OPTIMAL,OFF,1.159,55.8,55.9,56.1,55.8,-1.2,55.8,-0.2
2026-06-18 03:55:32.187423,30.6,73,55.4,0.728,OPTIMAL,OFF,1.186,55.6,55.8,55.9,55.6,-1.2,55.6,-0.2
2026-06-18 04:05:33.224704,30.0,73,55.2,0.729,OPTIMAL,OFF,1.146,55.4,55.6,55.8,55.4,-1.2,55.4,-0.2
2026-06-18 04:15:34.268364,30.1,72,55.0,0.731,OPTIMAL,OFF,1.195,55.2,55.4,55.6,55.2,-1.2,55.2,-0.2
2026-06-18 04:25:35.341998,30.1,72,54.8,0.732,OPTIMAL,OFF,1.195,55.0,55.2,55.4,55.0,-1.2,55.0,-0.2
2026-06-18 04:35:36.407444,30.9,72,54.7,0.732,OPTIMAL,OFF,1.251,54.8,55.0,55.2,54.8,-0.6,54.8,-0.1
2026-06-18 04:45:37.465001,30.9,72,54.5,0.733,OPTIMAL,OFF,1.251,54.7,54.8,55.0,54.7,-1.2,54.7,-0.2
2026-06-18 04:55:38.525893,30.7,72,54.3,0.734,OPTIMAL,OFF,1.237,54.5,54.7,54.8,54.5,-1.2,54.5,-0.2
2026-06-18 05:05:39.605910,30.2,72,54.2,0.735,OPTIMAL,OFF,1.202,54.3,54.5,54.7,54.3,-0.6,54.3,-0.1
2026-06-18 05:15:40.661907,30.4,72,54.0,0.735,OPTIMAL,OFF,1.216,54.2,54.3,54.5,54.2,-1.2,54.2,-0.2
2026-06-18 05:25:41.732949,30.1,72,53.8,0.736,OPTIMAL,OFF,1.195,54.0,54.2,54.3,54.0,-1.2,54.0,-0.2
2026-06-18 05:35:42.788332,30.7,72,53.7,0.737,OPTIMAL,OFF,1.237,53.8,54.0,54.2,53.8,-0.6,53.8,-0.1
2026-06-18 05:45:43.832289,29.3,73,53.5,0.738,OPTIMAL,OFF,1.1,53.7,53.8,54.0,53.7,-1.2,53.7,-0.2
2026-06-18 05:55:44.889892,30.7,73,53.4,0.738,OPTIMAL,OFF,1.192,53.5,53.7,53.8,53.5,-0.6,53.5,-0.1
2026-06-18 06:05:45.959245,29.4,74,53.3,0.739,OPTIMAL,OFF,1.066,53.4,53.5,53.7,53.4,-0.6,53.4,-0.1
2026-06-18 06:15:47.020929,29.8,74,53.2,0.739,OPTIMAL,OFF,1.091,53.3,53.4,53.5,53.3,-0.6,53.3,-0.1
2026-06-18 06:25:48.330158,29.4,74,53.1,0.74,OPTIMAL,OFF,1.066,53.2,53.3,53.4,53.2,-0.6,53.2,-0.1
2026-06-18 06:35:49.375778,29.8,74,52.9,0.741,OPTIMAL,OFF,1.091,53.1,53.2,53.3,53.1,-1.2,53.1,-0.2
2026-06-18 06:45:50.422448,29.6,73,52.6,0.742,OPTIMAL,OFF,1.12,52.9,53.1,53.2,52.9,-1.8,52.9,-0.3
2026-06-18 06:55:51.674363,29.2,73,52.5,0.743,OPTIMAL,OFF,1.094,52.6,52.9,53.1,52.7,-0.6,52.6,-0.1
2026-06-18 07:05:52.736748,29.2,72,52.3,0.744,OPTIMAL,OFF,1.135,52.5,52.6,52.9,52.5,-1.2,52.5,-0.2
2026-06-18 07:15:53.792364,29.2,75,52.1,0.745,OPTIMAL,OFF,1.013,52.3,52.5,52.6,52.3,-1.2,52.3,-0.2
2026-06-18 07:25:54.844660,29.7,74,52.0,0.745,OPTIMAL,OFF,1.084,52.1,52.3,52.5,52.1,-0.6,52.1,-0.1
2026-06-18 07:35:55.895316,29.8,74,51.9,0.746,OPTIMAL,OFF,1.091,52.0,52.1,52.3,52.0,-0.6,52.0,-0.1
2026-06-18 07:45:56.941521,29.1,73,51.6,0.747,OPTIMAL,OFF,1.088,51.9,52.0,52.1,51.8,-1.8,51.9,-0.3
2026-06-18 07:55:58.493241,29.1,73,51.5,0.748,OPTIMAL,OFF,1.088,51.6,51.9,52.0,51.7,-0.6,51.6,-0.1
2026-06-18 08:05:59.539724,29.5,73,51.3,0.749,OPTIMAL,OFF,1.113,51.5,51.6,51.9,51.5,-1.2,51.5,-0.2
2026-06-18 08:16:00.592760,29.5,73,51.0,0.75,OPTIMAL,OFF,1.113,51.3,51.5,51.6,51.3,-1.8,51.3,-0.3
2026-06-18 08:26:01.698564,29.2,73,50.9,0.751,OPTIMAL,OFF,1.094,51.0,51.3,51.5,51.1,-0.6,51.0,-0.1
2026-06-18 08:36:02.858350,29.9,73,50.7,0.752,OPTIMAL,OFF,1.139,50.9,51.0,51.3,50.9,-1.2,50.9,-0.2
2026-06-18 08:46:03.944034,29.9,73,50.5,0.753,OPTIMAL,OFF,1.139,50.7,50.9,51.0,50.7,-1.2,50.7,-0.2
2026-06-18 08:56:05.030034,29.4,73,50.3,0.753,OPTIMAL,OFF,1.107,50.5,50.7,50.9,50.5,-1.2,50.5,-0.2
2026-06-18 09:06:06.106099,29.6,74,50.2,0.754,OPTIMAL,OFF,1.078,50.3,50.5,50.7,50.3,-0.6,50.3,-0.1
2026-06-18 09:16:07.166784,29.3,73,50.0,0.755,OPTIMAL,OFF,1.1,50.2,50.3,50.5,50.2,-1.2,50.2,-0.2
2026-06-18 09:26:08.226878,29.3,73,49.8,0.756,OPTIMAL,OFF,1.1,50.0,50.2,50.3,50.0,-1.2,50.0,-0.2
2026-06-18 09:36:09.291612,29.9,74,49.7,0.756,OPTIMAL,OFF,1.097,49.8,50.0,50.2,49.8,-0.6,49.8,-0.1
2026-06-18 09:46:10.352974,29.1,74,49.5,0.757,OPTIMAL,OFF,1.048,49.7,49.8,50.0,49.7,-1.2,49.7,-0.2
2026-06-18 09:56:11.416803,29.1,73,49.5,0.758,OPTIMAL,OFF,1.088,49.5,49.7,49.8,49.6,0.0,49.5,0.0
2026-06-18 10:06:12.478666,29.4,73,91.4,0.552,WET,OFF,1.107,49.5,49.5,49.7,63.5,251.0,49.5,41.9
2026-06-18 10:16:13.533392,29.6,73,81.4,0.601,WET,OFF,1.12,91.4,49.5,49.5,74.1,-59.9,91.4,-10.0
2026-06-18 10:26:14.592902,29.1,73,77.5,0.62,WET,OFF,1.088,81.4,91.4,49.5,83.4,-23.4,81.4,-3.9
2026-06-18 10:36:15.651057,29.7,72,75.0,0.633,WET,OFF,1.168,77.5,81.4,91.4,78.0,-15.0,77.5,-2.5
2026-06-18 10:46:16.706413,29.5,72,72.4,0.645,WET,OFF,1.154,75.0,77.5,81.4,75.0,-15.6,75.0,-2.6
2026-06-18 10:56:17.779723,29.7,72,70.5,0.655,WET,OFF,1.168,72.4,75.0,77.5,72.6,-11.4,72.4,-1.9
2026-06-18 11:06:18.859789,30.2,71,69.1,0.661,OPTIMAL,OFF,1.245,70.5,72.4,75.0,70.7,-8.4,70.5,-1.4
2026-06-18 11:16:19.947758,30.9,70,68.4,0.665,OPTIMAL,OFF,1.34,69.1,70.5,72.4,69.3,-4.2,69.1,-0.7
2026-06-18 11:26:21.018469,30.8,70,68.0,0.667,OPTIMAL,OFF,1.333,68.4,69.1,70.5,68.5,-2.4,68.4,-0.4
2026-06-18 11:36:22.074257,30.8,70,67.3,0.67,OPTIMAL,OFF,1.333,68.0,68.4,69.1,67.9,-4.2,68.0,-0.7
2026-06-18 11:46:23.130553,30.0,70,66.9,0.672,OPTIMAL,OFF,1.273,67.3,68.0,68.4,67.4,-2.4,67.3,-0.4
2026-06-18 11:56:24.213324,30.8,70,66.6,0.673,OPTIMAL,OFF,1.333,66.9,67.3,68.0,66.9,-1.8,66.9,-0.3
2026-06-18 12:06:25.291435,30.3,70,66.4,0.674,OPTIMAL,OFF,1.295,66.6,66.9,67.3,66.6,-1.2,66.6,-0.2
2026-06-18 12:16:26.398167,30.9,70,66.4,0.675,OPTIMAL,OFF,1.34,66.4,66.6,66.9,66.5,0.0,66.4,0.0
2026-06-18 12:26:27.486002,30.4,70,66.6,0.673,OPTIMAL,OFF,1.302,66.4,66.4,66.6,66.5,1.2,66.4,0.2
2026-06-18 12:36:28.538021,30.7,69,66.8,0.672,OPTIMAL,OFF,1.369,66.6,66.4,66.4,66.6,1.2,66.6,0.2
2026-06-18 12:46:29.616796,30.8,69,66.7,0.673,OPTIMAL,OFF,1.377,66.8,66.6,66.4,66.7,-0.6,66.8,-0.1
2026-06-18 12:56:30.693830,30.9,68,66.8,0.673,OPTIMAL,OFF,1.429,66.7,66.8,66.6,66.8,0.6,66.7,0.1
2026-06-18 13:06:31.746705,30.0,68,66.9,0.672,OPTIMAL,OFF,1.358,66.8,66.7,66.8,66.8,0.6,66.8,0.1
2026-06-18 13:16:32.825388,30.6,68,67.0,0.672,OPTIMAL,OFF,1.405,66.9,66.8,66.7,66.9,0.6,66.9,0.1
2026-06-18 13:26:33.894636,30.1,68,66.9,0.672,OPTIMAL,OFF,1.366,67.0,66.9,66.8,66.9,-0.6,67.0,-0.1
2026-06-18 13:36:34.962833,30.9,67,66.9,0.672,OPTIMAL,OFF,1.474,66.9,67.0,66.9,66.9,0.0,66.9,0.0
2026-06-18 13:46:36.032397,30.1,67,66.9,0.672,OPTIMAL,OFF,1.408,66.9,66.9,67.0,66.9,0.0,66.9,0.0
2026-06-18 13:56:37.131424,30.6,68,66.8,0.672,OPTIMAL,OFF,1.405,66.9,66.9,66.9,66.9,-0.6,66.9,-0.1
2026-06-18 14:06:38.210994,30.2,67,66.6,0.674,OPTIMAL,OFF,1.416,66.8,66.9,66.9,66.8,-1.2,66.8,-0.2
2026-06-18 14:16:39.310943,30.4,68,66.6,0.674,OPTIMAL,OFF,1.389,66.6,66.8,66.9,66.7,0.0,66.6,0.0
2026-06-18 14:26:40.386849,30.7,68,66.5,0.674,OPTIMAL,OFF,1.413,66.6,66.6,66.8,66.6,-0.6,66.6,-0.1
2026-06-18 14:36:41.445592,30.2,68,66.3,0.675,OPTIMAL,OFF,1.373,66.5,66.6,66.6,66.5,-1.2,66.5,-0.2
2026-06-18 14:46:42.520323,31.9,66,66.0,0.677,OPTIMAL,OFF,1.608,66.3,66.5,66.6,66.3,-1.8,66.3,-0.3
2026-06-18 14:56:43.833303,31.8,66,65.4,0.68,OPTIMAL,OFF,1.598,66.0,66.3,66.5,65.9,-3.6,66.0,-0.6
2026-06-18 15:06:44.909935,31.3,65,65.1,0.681,OPTIMAL,OFF,1.599,65.4,66.0,66.3,65.5,-1.8,65.4,-0.3
2026-06-18 15:16:45.973822,31.6,66,65.1,0.681,OPTIMAL,OFF,1.58,65.1,65.4,66.0,65.2,0.0,65.1,0.0
2026-06-18 15:26:47.041917,30.5,67,64.9,0.682,OPTIMAL,OFF,1.441,65.1,65.1,65.4,65.0,-1.2,65.1,-0.2
2026-06-18 15:36:48.137859,31.6,66,64.8,0.683,OPTIMAL,OFF,1.58,64.9,65.1,65.1,64.9,-0.6,64.9,-0.1
2026-06-18 15:46:49.209631,31.5,65,64.6,0.684,OPTIMAL,OFF,1.618,64.8,64.9,65.1,64.8,-1.2,64.8,-0.2
2026-06-18 15:56:50.280071,31.4,65,64.4,0.685,OPTIMAL,OFF,1.609,64.6,64.8,64.9,64.6,-1.2,64.6,-0.2
2026-06-18 16:06:51.857879,31.4,65,64.3,0.685,OPTIMAL,OFF,1.609,64.4,64.6,64.8,64.4,-0.6,64.4,-0.1
2026-06-18 16:16:52.916628,31.7,65,64.1,0.686,OPTIMAL,OFF,1.636,64.3,64.4,64.6,64.3,-1.2,64.3,-0.2
2026-06-18 16:26:53.989231,31.0,65,64.1,0.686,OPTIMAL,OFF,1.572,64.1,64.3,64.4,64.2,0.0,64.1,0.0
2026-06-18 16:36:55.145930,31.7,65,64.1,0.686,OPTIMAL,OFF,1.636,64.1,64.1,64.3,64.1,0.0,64.1,0.0
2026-06-18 16:46:56.225615,31.9,66,64.0,0.686,OPTIMAL,OFF,1.608,64.1,64.1,64.1,64.1,-0.6,64.1,-0.1
2026-06-18 16:56:57.292919,31.4,66,64.1,0.686,OPTIMAL,OFF,1.563,64.0,64.1,64.1,64.1,0.6,64.0,0.1
2026-06-18 17:06:58.358013,31.5,67,64.2,0.685,OPTIMAL,OFF,1.525,64.1,64.0,64.1,64.1,0.6,64.1,0.1
2026-06-18 17:16:59.422923,31.3,67,64.2,0.685,OPTIMAL,OFF,1.508,64.2,64.1,64.0,64.2,0.0,64.2,0.0
2026-06-18 17:27:00.477527,31.3,67,64.2,0.685,OPTIMAL,OFF,1.508,64.2,64.2,64.1,64.2,0.0,64.2,0.0
2026-06-18 17:37:01.588449,31.0,67,64.0,0.687,OPTIMAL,OFF,1.483,64.2,64.2,64.2,64.1,-1.2,64.2,-0.2
2026-06-18 17:47:02.679250,31.6,67,63.8,0.687,OPTIMAL,OFF,1.534,64.0,64.2,64.2,64.0,-1.2,64.0,-0.2
2026-06-18 17:57:03.749889,31.8,67,63.7,0.688,OPTIMAL,OFF,1.551,63.8,64.0,64.2,63.8,-0.6,63.8,-0.1
2026-06-18 18:07:04.821564,31.8,67,63.6,0.688,OPTIMAL,OFF,1.551,63.7,63.8,64.0,63.7,-0.6,63.7,-0.1
2026-06-18 18:17:05.888866,31.9,68,63.7,0.688,OPTIMAL,OFF,1.513,63.6,63.7,63.8,63.7,0.6,63.6,0.1
2026-06-18 18:27:06.964259,31.1,67,63.5,0.689,OPTIMAL,OFF,1.491,63.7,63.6,63.7,63.6,-1.2,63.7,-0.2
2026-06-18 18:37:08.043696,31.1,68,63.3,0.69,OPTIMAL,OFF,1.446,63.5,63.7,63.6,63.5,-1.2,63.5,-0.2
2026-06-18 18:47:09.149837,31.4,68,63.2,0.69,OPTIMAL,OFF,1.471,63.3,63.5,63.7,63.3,-0.6,63.3,-0.1
2026-06-18 18:57:10.214103,31.7,69,63.1,0.691,OPTIMAL,OFF,1.449,63.2,63.3,63.5,63.2,-0.6,63.2,-0.1
2026-06-18 19:07:11.508914,31.5,68,63.0,0.691,OPTIMAL,OFF,1.479,63.1,63.2,63.3,63.1,-0.6,63.1,-0.1
2026-06-18 19:17:12.581036,31.2,68,62.8,0.692,OPTIMAL,OFF,1.454,63.0,63.1,63.2,63.0,-1.2,63.0,-0.2
2026-06-18 19:27:13.689985,31.2,68,62.9,0.692,OPTIMAL,OFF,1.454,62.8,63.0,63.1,62.9,0.6,62.8,0.1
2026-06-18 19:37:15.252862,31.2,68,62.8,0.692,OPTIMAL,OFF,1.454,62.9,62.8,63.0,62.8,-0.6,62.9,-0.1
2026-06-18 19:47:16.326183,31.3,68,62.7,0.693,OPTIMAL,OFF,1.462,62.8,62.9,62.8,62.8,-0.6,62.8,-0.1
2026-06-18 19:57:17.381906,31.1,69,62.7,0.693,OPTIMAL,OFF,1.401,62.7,62.8,62.9,62.7,0.0,62.7,0.0
2026-06-18 20:07:18.449059,31.9,69,62.4,0.694,OPTIMAL,OFF,1.466,62.7,62.7,62.8,62.6,-1.8,62.7,-0.3
2026-06-18 20:17:19.505825,31.0,69,62.2,0.695,OPTIMAL,OFF,1.393,62.4,62.7,62.7,62.4,-1.2,62.4,-0.2
2026-06-18 20:27:20.566007,31.3,69,62.1,0.696,OPTIMAL,OFF,1.417,62.2,62.4,62.7,62.2,-0.6,62.2,-0.1
2026-06-18 20:37:21.640444,30.7,70,61.9,0.697,OPTIMAL,OFF,1.325,62.1,62.2,62.4,62.1,-1.2,62.1,-0.2
2026-06-18 20:47:22.697948,30.6,69,61.8,0.697,OPTIMAL,OFF,1.361,61.9,62.1,62.2,61.9,-0.6,61.9,-0.1
2026-06-18 20:57:23.789967,30.5,69,61.6,0.698,OPTIMAL,OFF,1.354,61.8,61.9,62.1,61.8,-1.2,61.8,-0.2
2026-06-18 21:07:24.889894,30.7,70,61.4,0.699,OPTIMAL,OFF,1.325,61.6,61.8,61.9,61.6,-1.2,61.6,-0.2
2026-06-18 21:17:25.992861,30.8,70,61.4,0.699,OPTIMAL,OFF,1.333,61.4,61.6,61.8,61.5,0.0,61.4,0.0
2026-06-18 21:27:27.053882,30.1,70,61.1,0.701,OPTIMAL,OFF,1.28,61.4,61.4,61.6,61.3,-1.8,61.4,-0.3
2026-06-18 21:37:28.141919,31.2,70,61.0,0.701,OPTIMAL,OFF,1.363,61.1,61.4,61.4,61.2,-0.6,61.1,-0.1
2026-06-18 21:47:29.189383,31.5,70,60.7,0.703,OPTIMAL,OFF,1.387,61.0,61.1,61.4,60.9,-1.8,61.0,-0.3
2026-06-18 21:57:30.251727,31.5,71,60.4,0.704,OPTIMAL,OFF,1.34,60.7,61.0,61.1,60.7,-1.8,60.7,-0.3
2026-06-18 22:07:31.339801,31.5,71,60.3,0.705,OPTIMAL,OFF,1.34,60.4,60.7,61.0,60.5,-0.6,60.4,-0.1
2026-06-18 22:17:32.406646,31.1,72,60.1,0.706,OPTIMAL,OFF,1.265,60.3,60.4,60.7,60.3,-1.2,60.3,-0.2
2026-06-18 22:27:33.475746,31.5,72,59.9,0.707,OPTIMAL,OFF,1.294,60.1,60.3,60.4,60.1,-1.2,60.1,-0.2
2026-06-18 22:37:34.541804,31.7,71,59.9,0.706,OPTIMAL,OFF,1.356,59.9,60.1,60.3,60.0,0.0,59.9,0.0
2026-06-18 22:47:35.618662,31.2,70,59.5,0.709,OPTIMAL,OFF,1.363,59.9,59.9,60.1,59.8,-2.4,59.9,-0.4
2026-06-18 22:57:36.674502,31.6,70,59.2,0.71,OPTIMAL,OFF,1.395,59.5,59.9,59.9,59.5,-1.8,59.5,-0.3
2026-06-18 23:07:38.255913,31.6,70,59.0,0.711,OPTIMAL,OFF,1.395,59.2,59.5,59.9,59.2,-1.2,59.2,-0.2
2026-06-18 23:17:39.324289,31.6,70,58.6,0.713,OPTIMAL,OFF,1.395,59.0,59.2,59.5,58.9,-2.4,59.0,-0.4
2026-06-18 23:27:40.386977,30.1,71,58.2,0.715,OPTIMAL,OFF,1.238,58.6,59.0,59.2,58.6,-2.4,58.6,-0.4
2026-06-18 23:37:41.472678,30.7,70,57.8,0.717,OPTIMAL,OFF,1.325,58.2,58.6,59.0,58.2,-2.4,58.2,-0.4
2026-06-18 23:47:42.528334,30.8,70,57.3,0.719,OPTIMAL,OFF,1.333,57.8,58.2,58.6,57.8,-3.0,57.8,-0.5
2026-06-18 23:57:43.588713,30.8,71,57.0,0.721,OPTIMAL,OFF,1.288,57.3,57.8,58.2,57.4,-1.8,57.3,-0.3
2026-06-19 00:07:44.662170,30.5,71,56.7,0.722,OPTIMAL,OFF,1.266,57.0,57.3,57.8,57.0,-1.8,57.0,-0.3
2026-06-19 00:17:45.716059,30.6,71,56.6,0.723,OPTIMAL,OFF,1.273,56.7,57.0,57.3,56.8,-0.6,56.7,-0.1
2026-06-19 00:27:46.772027,30.9,72,56.3,0.724,OPTIMAL,OFF,1.251,56.6,56.7,57.0,56.5,-1.8,56.6,-0.3
2026-06-19 00:37:47.844092,30.1,72,56.1,0.725,OPTIMAL,OFF,1.195,56.3,56.6,56.7,56.3,-1.2,56.3,-0.2
2026-06-19 00:47:48.894317,30.1,72,55.7,0.727,OPTIMAL,OFF,1.195,56.1,56.3,56.6,56.0,-2.4,56.1,-0.4
2026-06-19 00:57:49.956983,30.6,72,55.5,0.728,OPTIMAL,OFF,1.23,55.7,56.1,56.3,55.8,-1.2,55.7,-0.2
2026-06-19 01:07:51.027911,30.5,72,55.2,0.73,OPTIMAL,OFF,1.223,55.5,55.7,56.1,55.5,-1.8,55.5,-0.3
2026-06-19 01:17:52.084586,30.6,72,54.8,0.731,OPTIMAL,OFF,1.23,55.2,55.5,55.7,55.2,-2.4,55.2,-0.4
2026-06-19 01:27:53.136411,30.6,72,54.6,0.732,OPTIMAL,OFF,1.23,54.8,55.2,55.5,54.9,-1.2,54.8,-0.2
2026-06-19 01:37:54.199925,30.4,72,54.4,0.733,OPTIMAL,OFF,1.216,54.6,54.8,55.2,54.6,-1.2,54.6,-0.2
2026-06-19 01:47:55.269774,30.1,72,54.1,0.735,OPTIMAL,OFF,1.195,54.4,54.6,54.8,54.4,-1.8,54.4,-0.3
2026-06-19 01:57:56.328083,30.0,72,53.8,0.736,OPTIMAL,OFF,1.188,54.1,54.4,54.6,54.1,-1.8,54.1,-0.3
2026-06-19 02:07:57.389911,30.1,72,53.5,0.738,OPTIMAL,OFF,1.195,53.8,54.1,54.4,53.8,-1.8,53.8,-0.3
2026-06-19 02:17:58.461935,30.4,72,53.2,0.739,OPTIMAL,OFF,1.216,53.5,53.8,54.1,53.5,-1.8,53.5,-0.3
2026-06-19 02:27:59.525883,30.8,72,53.0,0.74,OPTIMAL,OFF,1.244,53.2,53.5,53.8,53.2,-1.2,53.2,-0.2
2026-06-19 02:38:00.605920,30.4,72,52.6,0.742,OPTIMAL,OFF,1.216,53.0,53.2,53.5,52.9,-2.4,53.0,-0.4
2026-06-19 02:48:01.669870,30.1,72,52.5,0.743,OPTIMAL,OFF,1.195,52.6,53.0,53.2,52.7,-0.6,52.6,-0.1
2026-06-19 02:58:02.788956,30.2,72,52.2,0.744,OPTIMAL,OFF,1.202,52.5,52.6,53.0,52.4,-1.8,52.5,-0.3
2026-06-19 03:08:03.866580,30.8,72,51.9,0.746,OPTIMAL,OFF,1.244,52.2,52.5,52.6,52.2,-1.8,52.2,-0.3
2026-06-19 03:18:04.945236,30.7,72,51.7,0.747,OPTIMAL,OFF,1.237,51.9,52.2,52.5,51.9,-1.2,51.9,-0.2
2026-06-19 03:28:05.998239,30.1,71,51.4,0.748,OPTIMAL,OFF,1.238,51.7,51.9,52.2,51.7,-1.8,51.7,-0.3
2026-06-19 03:38:07.071089,30.5,71,51.1,0.749,OPTIMAL,OFF,1.266,51.4,51.7,51.9,51.4,-1.8,51.4,-0.3
2026-06-19 03:48:08.157248,30.1,71,50.8,0.751,OPTIMAL,OFF,1.238,51.1,51.4,51.7,51.1,-1.8,51.1,-0.3
2026-06-19 03:58:09.232295,30.4,71,50.5,0.753,OPTIMAL,OFF,1.259,50.8,51.1,51.4,50.8,-1.8,50.8,-0.3
2026-06-19 04:08:10.327527,30.9,71,50.2,0.754,OPTIMAL,OFF,1.295,50.5,50.8,51.1,50.5,-1.8,50.5,-0.3
2026-06-19 04:18:11.397089,30.8,71,50.0,0.755,OPTIMAL,OFF,1.288,50.2,50.5,50.8,50.2,-1.2,50.2,-0.2
2026-06-19 04:28:12.471567,30.4,71,49.8,0.756,OPTIMAL,OFF,1.259,50.0,50.2,50.5,50.0,-1.2,50.0,-0.2
2026-06-19 04:38:13.528318,30.6,71,49.5,0.758,OPTIMAL,OFF,1.273,49.8,50.0,50.2,49.8,-1.8,49.8,-0.3
2026-06-19 04:48:14.619156,30.5,71,49.3,0.759,OPTIMAL,OFF,1.266,49.5,49.8,50.0,49.5,-1.2,49.5,-0.2
2026-06-19 04:58:15.675732,30.1,71,49.1,0.76,OPTIMAL,OFF,1.238,49.3,49.5,49.8,49.3,-1.2,49.3,-0.2
2026-06-19 05:08:16.726659,30.4,72,48.9,0.761,OPTIMAL,OFF,1.216,49.1,49.3,49.5,49.1,-1.2,49.1,-0.2
2026-06-19 05:18:17.810342,30.0,71,48.6,0.762,OPTIMAL,OFF,1.23,48.9,49.1,49.3,48.9,-1.8,48.9,-0.3
2026-06-19 05:28:18.877695,30.8,71,48.4,0.763,OPTIMAL,OFF,1.288,48.6,48.9,49.1,48.6,-1.2,48.6,-0.2
2026-06-19 05:38:19.935065,30.6,70,48.3,0.763,OPTIMAL,OFF,1.317,48.4,48.6,48.9,48.4,-0.6,48.4,-0.1
2026-06-19 05:48:21.183897,30.9,70,48.1,0.765,OPTIMAL,OFF,1.34,48.3,48.4,48.6,48.3,-1.2,48.3,-0.2
2026-06-19 05:58:22.239078,30.7,70,47.9,0.765,OPTIMAL,OFF,1.325,48.1,48.3,48.4,48.1,-1.2,48.1,-0.2
2026-06-19 06:08:23.314068,30.6,70,47.7,0.766,OPTIMAL,OFF,1.317,47.9,48.1,48.3,47.9,-1.2,47.9,-0.2
2026-06-19 06:18:24.384956,30.2,71,47.8,0.766,OPTIMAL,OFF,1.245,47.7,47.9,48.1,47.8,0.6,47.7,0.1
2026-06-19 06:28:25.450376,30.9,71,48.0,0.765,OPTIMAL,OFF,1.295,47.8,47.7,47.9,47.8,1.2,47.8,0.2
2026-06-19 06:38:26.501832,30.9,72,47.8,0.766,OPTIMAL,OFF,1.251,48.0,47.8,47.7,47.9,-1.2,48.0,-0.2
2026-06-19 06:48:27.557942,30.4,72,47.7,0.766,OPTIMAL,OFF,1.216,47.8,48.0,47.8,47.8,-0.6,47.8,-0.1
2026-06-19 06:58:28.626560,30.1,72,47.5,0.767,OPTIMAL,OFF,1.195,47.7,47.8,48.0,47.7,-1.2,47.7,-0.2
2026-06-19 07:08:29.690340,30.7,72,47.3,0.768,OPTIMAL,OFF,1.237,47.5,47.7,47.8,47.5,-1.2,47.5,-0.2
2026-06-19 07:18:30.746937,30.2,72,47.3,0.768,OPTIMAL,OFF,1.202,47.3,47.5,47.7,47.4,0.0,47.3,0.0
2026-06-19 07:28:31.815437,30.8,71,47.4,0.768,OPTIMAL,OFF,1.288,47.3,47.3,47.5,47.3,0.6,47.3,0.1
2026-06-19 07:38:32.864581,30.3,71,47.5,0.767,OPTIMAL,OFF,1.252,47.4,47.3,47.3,47.4,0.6,47.4,0.1
2026-06-19 07:48:33.915283,30.0,71,47.5,0.767,OPTIMAL,OFF,1.23,47.5,47.4,47.3,47.5,0.0,47.5,0.0
2026-06-19 07:58:34.975912,29.3,71,47.4,0.768,OPTIMAL,OFF,1.182,47.5,47.5,47.4,47.5,-0.6,47.5,-0.1
2026-06-19 08:08:36.025630,29.1,71,50.4,0.753,OPTIMAL,OFF,1.168,47.4,47.5,47.5,48.4,18.0,47.4,3.0
2026-06-19 08:18:37.090518,29.2,72,50.2,0.754,OPTIMAL,OFF,1.135,50.4,47.4,47.5,49.3,-1.2,50.4,-0.2
2026-06-19 08:28:38.152054,29.6,72,47.6,0.767,OPTIMAL,OFF,1.161,50.2,50.4,47.4,49.4,-15.6,50.2,-2.6
2026-06-19 08:38:39.204023,29.3,72,47.4,0.768,OPTIMAL,OFF,1.141,47.6,50.2,50.4,48.4,-1.2,47.6,-0.2
2026-06-19 08:48:40.280735,29.1,72,47.2,0.769,OPTIMAL,OFF,1.128,47.4,47.6,50.2,47.4,-1.2,47.4,-0.2
2026-06-19 08:58:41.355967,29.9,72,46.8,0.771,OPTIMAL,OFF,1.181,47.2,47.4,47.6,47.1,-2.4,47.2,-0.4
